{
    "target": "Memory_Tr35_60y",
    "na_count": 95,
    "subjects_total": 1248,
    "bins": [
        -1.09,
        -0.347,
        0.403
    ],
    "label_counts": [
        288,
        288,
        289,
        288
    ],
    "num_bins": 4,
    "bin_stats": [
        {
            "bin": 0,
            "count": 288,
            "fraction": 0.2498,
            "min": -4.44263692113092,
            "max": -1.0908615639715
        },
        {
            "bin": 1,
            "count": 288,
            "fraction": 0.2498,
            "min": -1.08961819518476,
            "max": -0.35110602177583
        },
        {
            "bin": 2,
            "count": 289,
            "fraction": 0.2507,
            "min": -0.346954512665918,
            "max": 0.402692278551822
        },
        {
            "bin": 3,
            "count": 288,
            "fraction": 0.2498,
            "min": 0.403328094476716,
            "max": 2.10549345963135
        }
    ]
}
