{
    "target": "CrystIQ_Tr35_60y",
    "na_count": 95,
    "subjects_total": 1248,
    "bins": [
        -0.55,
        0.039,
        0.612
    ],
    "label_counts": [
        288,
        288,
        289,
        288
    ],
    "num_bins": 4,
    "bin_stats": [
        {
            "bin": 0,
            "count": 288,
            "fraction": 0.2498,
            "min": -3.35185041236437,
            "max": -0.550141234228674
        },
        {
            "bin": 1,
            "count": 288,
            "fraction": 0.2498,
            "min": -0.549935643474158,
            "max": 0.0383666595438043
        },
        {
            "bin": 2,
            "count": 289,
            "fraction": 0.2507,
            "min": 0.0393206461907486,
            "max": 0.611875780974579
        },
        {
            "bin": 3,
            "count": 288,
            "fraction": 0.2498,
            "min": 0.621426172578643,
            "max": 2.10919539904222
        }
    ]
}
