{
    "target": "FluidIQ_Tr35_60y",
    "na_count": 95,
    "subjects_total": 1248,
    "bins": [
        -1.137,
        -0.38,
        0.235
    ],
    "label_counts": [
        289,
        287,
        288,
        289
    ],
    "num_bins": 4,
    "bin_stats": [
        {
            "bin": 0,
            "count": 289,
            "fraction": 0.2507,
            "min": -4.79903038967611,
            "max": -1.1371524486757
        },
        {
            "bin": 1,
            "count": 287,
            "fraction": 0.2489,
            "min": -1.1323078196459,
            "max": -0.382485498314655
        },
        {
            "bin": 2,
            "count": 288,
            "fraction": 0.2498,
            "min": -0.379640915569727,
            "max": 0.228748921199693
        },
        {
            "bin": 3,
            "count": 289,
            "fraction": 0.2507,
            "min": 0.235286625798477,
            "max": 1.89472731952195
        }
    ]
}
